1640995200000,0.00272200,0.00275900,0.00271700,0.00275500,391108466.00000000,1640998799999,1070149.67169700,2390,197911064.00000000,541501.78877200,0
1640998800000,0.00275600,0.00276200,0.00273300,0.00274600,391373581.00000000,1641002399999,1076143.22188800,1669,160611058.00000000,441700.49512600,0
1641002400000,0.00274600,0.00276000,0.00274600,0.00275100,229750023.00000000,1641005999999,632599.14011900,1052,117153321.00000000,322586.72225500,0
1641006000000,0.00275000,0.00275800,0.00274500,0.00274800,448773772.00000000,1641009599999,1234704.12327600,1498,237843118.00000000,654328.48250300,0
1641009600000,0.00274900,0.00275100,0.00272500,0.00272800,288105909.00000000,1641013199999,787904.73381400,1208,145153850.00000000,396812.73752800,0
1641013200000,0.00272600,0.00277400,0.00272500,0.00275400,381408772.00000000,1641016799999,1049506.05927400,2173,175566635.00000000,482977.31125700,0
1641016800000,0.00275400,0.00276100,0.00274200,0.00274400,367680553.00000000,1641020399999,1011264.15170600,1240,187113156.00000000,514529.94228300,0
1641020400000,0.00274400,0.00275700,0.00273600,0.00275300,316402219.00000000,1641023999999,869269.72146400,1404,147020578.00000000,403864.74913400,0
1641024000000,0.00275200,0.00275800,0.00274400,0.00274800,205672009.00000000,1641027599999,566035.40950900,1153,91319954.00000000,251373.49108600,0
1641027600000,0.00275000,0.00275500,0.00273100,0.00274100,281730736.00000000,1641031199999,773350.22832800,1592,163304362.00000000,448301.12668800,0
1641031200000,0.00274100,0.00274800,0.00271300,0.00272600,360004777.00000000,1641034799999,983003.02934500,2035,195280490.00000000,533268.54169900,0
1641034800000,0.00272700,0.00273300,0.00272100,0.00272400,219127700.00000000,1641038399999,597659.40554100,1197,101644371.00000000,277262.23102200,0
1641038400000,0.00272300,0.00274300,0.00272100,0.00274000,223066500.00000000,1641041999999,609988.47814500,1166,104893117.00000000,286832.17405300,0
1641042000000,0.00273900,0.00274600,0.00273100,0.00273600,209120286.00000000,1641045599999,572731.47755200,1357,113245609.00000000,310155.45995400,0
1641045600000,0.00273700,0.00274000,0.00272700,0.00273500,195832167.00000000,1641049199999,535539.59023500,1297,96265989.00000000,263257.67923900,0
1641049200000,0.00273400,0.00275800,0.00273000,0.00274200,253147707.00000000,1641052799999,694663.41114500,1691,107670517.00000000,295530.70158900,0
1641052800000,0.00274300,0.00275900,0.00273200,0.00274300,341723513.00000000,1641056399999,938711.82376100,1721,125485536.00000000,344867.96711000,0
1641056400000,0.00274300,0.00276800,0.00274000,0.00276300,272111234.00000000,1641059999999,750151.28136000,1908,147411058.00000000,406308.64454500,0
1641060000000,0.00276300,0.00276500,0.00274800,0.00275400,165387207.00000000,1641063599999,455843.78052100,1511,82126741.00000000,226381.35560300,0
1641063600000,0.00275400,0.00276200,0.00274400,0.00274800,197938840.00000000,1641067199999,544496.60908100,1319,96885527.00000000,266503.38662200,0
1641067200000,0.00274800,0.00275900,0.00274600,0.00275100,239745694.00000000,1641070799999,659622.28001300,1344,128177347.00000000,352663.87568000,0
1641070800000,0.00275100,0.00275400,0.00273600,0.00274000,215781223.00000000,1641074399999,592391.78064000,1824,107628780.00000000,295476.45982100,0
1641074400000,0.00274000,0.00274300,0.00273400,0.00274100,255386497.00000000,1641077999999,699440.29129500,1433,119449178.00000000,327176.30937500,0
1641078000000,0.00274200,0.00276100,0.00273600,0.00275700,256846569.00000000,1641081599999,705651.30721200,1246,124357533.00000000,341628.23199000,0
1641081600000,0.00275700,0.00276700,0.00274200,0.00276600,369455113.00000000,1641085199999,1018050.60083900,1541,202340384.00000000,557638.34941700,0
1641085200000,0.00276500,0.00276800,0.00274800,0.00275100,268394820.00000000,1641088799999,739669.71428600,1172,122604804.00000000,337849.47394800,0
1641088800000,0.00275100,0.00275900,0.00274600,0.00275400,155355248.00000000,1641092399999,427618.56963700,919,76285691.00000000,209961.21226400,0
1641092400000,0.00275500,0.00276300,0.00275100,0.00275800,157130916.00000000,1641095999999,433177.61676400,938,73458201.00000000,202519.02126800,0
1641096000000,0.00275900,0.00277100,0.00272400,0.00273100,341067727.00000000,1641099599999,937546.45185300,2035,161966816.00000000,445317.75425000,0
1641099600000,0.00273100,0.00274700,0.00272800,0.00274600,324643602.00000000,1641103199999,888854.54479600,1377,158947877.00000000,435217.17205400,0
1641103200000,0.00274700,0.00275000,0.00273600,0.00274100,282909074.00000000,1641106799999,776465.44948100,1098,139932424.00000000,384061.05753100,0
1641106800000,0.00274100,0.00274800,0.00274000,0.00274300,140159146.00000000,1641110399999,384637.25280900,904,76524005.00000000,209998.83595600,0
1641110400000,0.00274300,0.00274900,0.00273200,0.00274600,199490119.00000000,1641113999999,546852.51919700,1255,88164647.00000000,241667.02174300,0
1641114000000,0.00274600,0.00276400,0.00274300,0.00275300,349986620.00000000,1641117599999,964634.59890000,1609,189517532.00000000,522387.09939600,0
1641117600000,0.00275200,0.00276200,0.00275100,0.00275100,198002929.00000000,1641121199999,545569.92771800,1380,104561177.00000000,288123.57842800,0
1641121200000,0.00275200,0.00276500,0.00275100,0.00275500,186947432.00000000,1641124799999,515664.35249200,1255,93207554.00000000,257106.51813500,0
1641124800000,0.00275600,0.00276900,0.00274300,0.00276700,353136334.00000000,1641128399999,973010.72544100,2019,189300808.00000000,521664.44963300,0
1641128400000,0.00276600,0.00277900,0.00275600,0.00277500,383072251.00000000,1641131999999,1060182.56243200,2696,203897279.00000000,564404.12779000,0
1641132000000,0.00277400,0.00279400,0.00276500,0.00278200,571364751.00000000,1641135599999,1588151.90655200,3979,273176168.00000000,759353.57507600,0
1641135600000,0.00278300,0.00283100,0.00278100,0.00280600,917724257.00000000,1641139199999,2578610.07079400,6845,477305317.00000000,1340834.58829500,0
1641139200000,0.00280600,0.00282500,0.00280500,0.00281700,376446624.00000000,1641142799999,1058259.50586900,2228,206401225.00000000,580288.93234200,0
1641142800000,0.00281800,0.00282500,0.00279600,0.00279900,347309860.00000000,1641146399999,976296.61107200,2545,165673791.00000000,465849.60254700,0
1641146400000,0.00279900,0.00281700,0.00276900,0.00278700,753917053.00000000,1641149999999,2103672.96825200,5153,377228382.00000000,1052842.06891500,0
1641150000000,0.00278700,0.00279800,0.00277500,0.00278500,365366968.00000000,1641153599999,1017692.43631000,2423,186488570.00000000,519486.41286800,0
1641153600000,0.00278200,0.00280200,0.00278100,0.00280000,342896155.00000000,1641157199999,958297.11622600,1914,179057059.00000000,500459.84931300,0
1641157200000,0.00280100,0.00281600,0.00279300,0.00280300,340303000.00000000,1641160799999,954364.88636600,2396,178004618.00000000,499129.84985400,0
1641160800000,0.00280300,0.00281800,0.00279600,0.00281700,257447775.00000000,1641164399999,723168.39536200,1584,100809749.00000000,283092.74807900,0
1641164400000,0.00281600,0.00282400,0.00280800,0.00281600,320311198.00000000,1641167999999,902564.77818900,1395,163156513.00000000,459703.46917100,0
1641168000000,0.00281600,0.00282300,0.00279500,0.00279700,452090072.00000000,1641171599999,1269626.95254200,1641,199080654.00000000,559227.62764300,0
1641171600000,0.00279600,0.00280400,0.00278500,0.00279500,379056565.00000000,1641175199999,1059121.43451900,1821,170490976.00000000,476422.26313400,0
1641175200000,0.00279500,0.00281900,0.00278400,0.00281900,329549795.00000000,1641178799999,922802.61771900,1982,169620716.00000000,474966.51050600,0
1641178800000,0.00281700,0.00286900,0.00281300,0.00281300,857954445.00000000,1641182399999,2435135.99780900,8231,425416023.00000000,1207438.11902800,0
1641182400000,0.00281400,0.00283600,0.00278900,0.00279800,544257012.00000000,1641185999999,1532070.23044200,2977,265471100.00000000,747403.41821900,0
1641186000000,0.00279800,0.00281300,0.00279200,0.00280200,276055530.00000000,1641189599999,773896.60425300,1864,137390926.00000000,385164.99478400,0
1641189600000,0.00280100,0.00280400,0.00278100,0.00278300,295917999.00000000,1641193199999,826855.59846900,1618,144613506.00000000,404101.46189200,0
1641193200000,0.00278200,0.00279500,0.00277700,0.00279400,328972915.00000000,1641196799999,916741.44185500,2080,181621624.00000000,506151.33721500,0
1641196800000,0.00279300,0.00279600,0.00278200,0.00278700,307128255.00000000,1641200399999,856789.43133600,1625,148857890.00000000,415283.44156200,0
1641200400000,0.00278600,0.00279500,0.00277100,0.00278200,349565535.00000000,1641203999999,971935.86985100,2044,178582924.00000000,496534.51325900,0
1641204000000,0.00278300,0.00279800,0.00278300,0.00278500,403277562.00000000,1641207599999,1125334.61208300,1584,203258277.00000000,567203.11148700,0
1641207600000,0.00278500,0.00280400,0.00278400,0.00280100,320682290.00000000,1641211199999,896764.11567600,2250,166111548.00000000,464542.84097800,0
1641211200000,0.00280000,0.00281600,0.00278500,0.00279000,477977695.00000000,1641214799999,1339070.35131500,2689,235918721.00000000,661156.44579500,0
1641214800000,0.00278900,0.00281300,0.00278800,0.00280000,335163181.00000000,1641218399999,939749.23746400,2192,177201790.00000000,496804.05590400,0
1641218400000,0.00280000,0.00281300,0.00278700,0.00278700,426892004.00000000,1641221999999,1195354.32050500,2284,203784291.00000000,570538.21517000,0
1641222000000,0.00278800,0.00280200,0.00277500,0.00278100,388450670.00000000,1641225599999,1084026.15111200,2392,191702856.00000000,534994.93955500,0
1641225600000,0.00278100,0.00278800,0.00273700,0.00275600,678224337.00000000,1641229199999,1871070.39514700,5193,363140693.00000000,1001554.25623000,0
1641229200000,0.00275500,0.00277800,0.00274800,0.00276800,476240711.00000000,1641232799999,1317580.76827100,2217,240583555.00000000,665477.61090000,0
1641232800000,0.00276800,0.00278500,0.00276300,0.00277200,352836841.00000000,1641236399999,978817.24040300,1969,187193272.00000000,519232.23035600,0
1641236400000,0.00277200,0.00278000,0.00275500,0.00275600,304589904.00000000,1641239999999,844536.11446000,1477,155399171.00000000,430832.52788000,0
1641240000000,0.00275600,0.00275900,0.00272500,0.00273500,458438786.00000000,1641243599999,1257047.06480400,3321,205736711.00000000,564022.91326300,0
1641243600000,0.00273500,0.00275700,0.00272700,0.00274200,257658374.00000000,1641247199999,706254.40017300,1528,125623658.00000000,344382.50459600,0
1641247200000,0.00274100,0.00277000,0.00273900,0.00275600,257810932.00000000,1641250799999,710091.72922300,1585,120344620.00000000,331469.54407600,0
1641250800000,0.00275700,0.00277100,0.00275000,0.00275600,388858395.00000000,1641254399999,1073305.30586100,1196,199583198.00000000,550888.82833800,0
1641254400000,0.00275800,0.00276200,0.00272000,0.00272900,540413431.00000000,1641257999999,1482478.03217800,3062,266046577.00000000,729863.93061700,0
1641258000000,0.00272900,0.00274100,0.00269300,0.00270600,490173618.00000000,1641261599999,1333570.08113400,3493,247517473.00000000,673410.21771700,0
1641261600000,0.00270600,0.00272600,0.00269100,0.00271000,435049345.00000000,1641265199999,1178215.74437200,1818,217755401.00000000,589770.45447700,0
1641265200000,0.00271000,0.00272900,0.00270000,0.00272300,249799978.00000000,1641268799999,677663.84553700,1426,118932125.00000000,322583.79842900,0
1641268800000,0.00272200,0.00272700,0.00270800,0.00271400,352365710.00000000,1641272399999,957706.84277200,1473,185778796.00000000,504947.66697900,0
1641272400000,0.00271400,0.00274000,0.00270900,0.00273200,327345341.00000000,1641275999999,890670.47154500,1918,181352560.00000000,493452.73277300,0
1641276000000,0.00273200,0.00274400,0.00272100,0.00274000,293007606.00000000,1641279599999,800832.87756700,1576,136405991.00000000,372771.88160700,0
1641279600000,0.00274000,0.00275200,0.00273200,0.00274800,394247156.00000000,1641283199999,1082148.84868800,1504,203063365.00000000,557349.30890000,0
1641283200000,0.00274900,0.00276500,0.00274300,0.00274400,401810348.00000000,1641286799999,1106191.82238400,2157,206394864.00000000,568299.20292500,0
1641286800000,0.00274500,0.00274900,0.00273000,0.00273300,304672529.00000000,1641290399999,834630.80535500,1536,142124280.00000000,389391.02337000,0
1641290400000,0.00273500,0.00275300,0.00272800,0.00275000,479555304.00000000,1641293999999,1315058.26337500,1778,214545180.00000000,588324.26082900,0
1641294000000,0.00274900,0.00276400,0.00274900,0.00276200,347772104.00000000,1641297599999,959191.56162400,2479,169000547.00000000,466229.61840700,0
1641297600000,0.00276200,0.00297400,0.00274600,0.00292700,4168327076.00000000,1641301199999,12012392.73532300,36816,2044846115.00000000,5887519.77865700,0
1641301200000,0.00292800,0.00301900,0.00288000,0.00299900,3727525215.00000000,1641304799999,10998953.42312800,26788,1890838454.00000000,5579510.18588800,0
1641304800000,0.00299900,0.00306000,0.00295300,0.00295700,2644264164.00000000,1641308399999,7917365.03316500,21386,1241233575.00000000,3718466.16191500,0
1641308400000,0.00295600,0.00296400,0.00291100,0.00292800,875753460.00000000,1641311999999,2571027.43294300,8981,382104438.00000000,1122029.15666100,0
1641312000000,0.00292800,0.00297500,0.00291500,0.00295500,1238542281.00000000,1641315599999,3645469.62768800,7878,616887170.00000000,1815964.43175000,0
1641315600000,0.00295400,0.00296500,0.00293100,0.00293900,692670479.00000000,1641319199999,2044684.06111800,4605,291918582.00000000,861786.86528700,0
1641319200000,0.00293900,0.00298500,0.00289200,0.00291800,1602286765.00000000,1641322799999,4714594.35618200,11395,802795094.00000000,2362474.47824500,0
1641322800000,0.00291700,0.00296900,0.00290600,0.00292700,1357141820.00000000,1641326399999,3989880.33252700,7107,689252743.00000000,2025483.99065500,0
1641326400000,0.00292900,0.00297800,0.00292900,0.00297100,812454612.00000000,1641329999999,2400940.21949600,4699,420105806.00000000,1241879.99970100,0
1641330000000,0.00297100,0.00297100,0.00293700,0.00295200,450514159.00000000,1641333599999,1329787.57109700,3083,202761533.00000000,598632.99552000,0
1641333600000,0.00295100,0.00296400,0.00292900,0.00294000,421235054.00000000,1641337199999,1241982.90030600,2668,191692365.00000000,565199.98031200,0
1641337200000,0.00293800,0.00293900,0.00289300,0.00290000,649122975.00000000,1641340799999,1892123.93759200,3576,307687476.00000000,896839.24648600,0
1641340800000,0.00290100,0.00293700,0.00288100,0.00293200,612600489.00000000,1641344399999,1784897.88740200,5032,282330789.00000000,822661.32507500,0
1641344400000,0.00293400,0.00294300,0.00291500,0.00292400,530174789.00000000,1641347999999,1553794.19609200,2474,229539835.00000000,672647.61755300,0
1641348000000,0.00292400,0.00293900,0.00291200,0.00291300,491725744.00000000,1641351599999,1437676.78169500,2350,215595963.00000000,630433.32704900,0
1641351600000,0.00291400,0.00293200,0.00291000,0.00293100,361431521.00000000,1641355199999,1054803.95655500,2297,150882721.00000000,440453.18170700,0
1641355200000,0.00292900,0.00296500,0.00291800,0.00296300,640506754.00000000,1641358799999,1887057.18365300,4620,343012261.00000000,1010781.86754700,0
1641358800000,0.00296300,0.00296300,0.00293400,0.00294300,565682993.00000000,1641362399999,1665768.09188300,2552,274039248.00000000,806820.92753200,0
1641362400000,0.00294300,0.00296100,0.00293100,0.00295100,295834771.00000000,1641365999999,871071.35365100,2096,144854176.00000000,426477.34525000,0
1641366000000,0.00295100,0.00318500,0.00293900,0.00308400,4677526303.00000000,1641369599999,14359670.16609900,53645,2221069182.00000000,6822322.19492600,0
1641369600000,0.00308300,0.00318300,0.00306200,0.00317700,4462766059.00000000,1641373199999,13867999.72890400,26056,2300102676.00000000,7152618.37412400,0
1641373200000,0.00317600,0.00319000,0.00309300,0.00310300,2894290608.00000000,1641376799999,9109023.28313500,20579,1330836615.00000000,4188706.70367800,0
1641376800000,0.00310300,0.00312500,0.00308900,0.00310900,869431089.00000000,1641380399999,2699280.96218900,6630,397300639.00000000,1233677.49740900,0
1641380400000,0.00310900,0.00313500,0.00309200,0.00311900,845593126.00000000,1641383999999,2630842.52693300,6306,399139951.00000000,1241716.53198200,0
1641384000000,0.00312000,0.00312200,0.00306700,0.00309200,840878236.00000000,1641387599999,2596470.98937000,7933,403253903.00000000,1245459.95215200,0
1641387600000,0.00309100,0.00309200,0.00303600,0.00305200,968863775.00000000,1641391199999,2968088.30708900,8645,426360069.00000000,1306309.57304300,0
1641391200000,0.00305200,0.00306300,0.00302200,0.00305000,807068387.00000000,1641394799999,2453202.92868600,6793,374742125.00000000,1139048.12119800,0
1641394800000,0.00305100,0.00305700,0.00301700,0.00303000,520578671.00000000,1641398399999,1578499.36051400,4673,232597448.00000000,705424.63939500,0
1641398400000,0.00303000,0.00303200,0.00300000,0.00300300,547288802.00000000,1641401999999,1648082.44450700,4598,192935055.00000000,581178.09039900,0
1641402000000,0.00300200,0.00301700,0.00297700,0.00297700,644769891.00000000,1641405599999,1934300.56850500,5600,298217887.00000000,895005.73898200,0
1641405600000,0.00297700,0.00300500,0.00295600,0.00297800,650129071.00000000,1641409199999,1934978.61487300,6319,330566955.00000000,983876.47038800,0
1641409200000,0.00297800,0.00298900,0.00283100,0.00284600,1296827716.00000000,1641412799999,3776464.06583000,11016,688880497.00000000,2005989.63503300,0
1641412800000,0.00284300,0.00287000,0.00279000,0.00281200,1042900407.00000000,1641416399999,2943178.17871100,10394,517006893.00000000,1459434.98670800,0
1641416400000,0.00281200,0.00284500,0.00276900,0.00277400,631204443.00000000,1641419999999,1771954.22580000,5483,299551661.00000000,841486.27709900,0
1641420000000,0.00277300,0.00278400,0.00265100,0.00276700,1073692324.00000000,1641423599999,2935210.84674000,12043,502182260.00000000,1374167.82748800,0
1641423600000,0.00276900,0.00279300,0.00274900,0.00276500,467893795.00000000,1641427199999,1297223.83156100,3702,256688185.00000000,711774.23065000,0
1641427200000,0.00276800,0.00281100,0.00275600,0.00280800,706236536.00000000,1641430799999,1967196.03636200,4176,365199199.00000000,1017409.01827500,0
1641430800000,0.00281100,0.00282100,0.00278000,0.00279200,543561575.00000000,1641434399999,1523915.59840700,3405,312181758.00000000,875498.50819600,0
1641434400000,0.00279100,0.00280400,0.00274800,0.00276900,939579507.00000000,1641437999999,2606964.10976300,5424,413728134.00000000,1148238.70965600,0
1641438000000,0.00276900,0.00277000,0.00273100,0.00273200,394659507.00000000,1641441599999,1084772.65335300,2945,212760533.00000000,584927.00998200,0
1641441600000,0.00273100,0.00274700,0.00269100,0.00272300,709184196.00000000,1641445199999,1921976.13615000,5901,373852164.00000000,1012383.76658000,0
1641445200000,0.00272200,0.00274000,0.00270800,0.00271900,331637951.00000000,1641448799999,903476.60427100,2933,178979816.00000000,487708.60289500,0
1641448800000,0.00272000,0.00274000,0.00270600,0.00273100,316654380.00000000,1641452399999,862806.87551400,2550,165028051.00000000,449616.45937000,0
1641452400000,0.00273100,0.00275800,0.00272200,0.00275400,285897379.00000000,1641455999999,784629.99526500,2864,143142476.00000000,392832.07888000,0
1641456000000,0.00275300,0.00276100,0.00271000,0.00273300,402105580.00000000,1641459599999,1101154.09738100,3301,220162396.00000000,603096.84579200,0
1641459600000,0.00273400,0.00274100,0.00267400,0.00268300,567193113.00000000,1641463199999,1530057.01654700,4757,278642817.00000000,751498.97495400,0
1641463200000,0.00268300,0.00272500,0.00268300,0.00271300,256778642.00000000,1641466799999,694833.05278900,2899,123915720.00000000,335237.65742500,0
1641466800000,0.00271300,0.00272100,0.00269700,0.00271100,334666555.00000000,1641470399999,906168.12253200,2696,186452108.00000000,504855.61769400,0
1641470400000,0.00271100,0.00273200,0.00269400,0.00273200,278039438.00000000,1641473999999,753717.80580700,2903,153659000.00000000,416584.45193100,0
1641474000000,0.00273100,0.00275400,0.00272600,0.00274900,311192056.00000000,1641477599999,852583.04794000,3057,137384369.00000000,376220.69246400,0
1641477600000,0.00275000,0.00275200,0.00271800,0.00272400,394303364.00000000,1641481199999,1077432.06125800,3197,170991412.00000000,467369.33342000,0
1641481200000,0.00272400,0.00274500,0.00272300,0.00274100,405297650.00000000,1641484799999,1107640.95216500,2889,189348076.00000000,517387.45575400,0
1641484800000,0.00274100,0.00274900,0.00271500,0.00273600,322280127.00000000,1641488399999,882083.63217400,2182,134544608.00000000,368395.24200200,0
1641488400000,0.00273600,0.00275600,0.00273600,0.00274700,203764582.00000000,1641491999999,559321.09228600,1778,73789114.00000000,202560.68639800,0
1641492000000,0.00274700,0.00281700,0.00274700,0.00280900,573606571.00000000,1641495599999,1596551.81519300,4856,295667540.00000000,823065.05448900,0
1641495600000,0.00280900,0.00281000,0.00278000,0.00278300,192061713.00000000,1641499199999,535775.80191600,1870,95896184.00000000,267545.09719200,0
1641499200000,0.00278400,0.00279100,0.00276400,0.00277700,257468903.00000000,1641502799999,715175.47259800,2287,105769933.00000000,293827.44675500,0
1641502800000,0.00277700,0.00279500,0.00276800,0.00277100,256433641.00000000,1641506399999,712574.20715900,1924,98104170.00000000,272578.87219800,0
1641506400000,0.00277100,0.00280600,0.00277100,0.00280600,199606917.00000000,1641509999999,557968.66532300,1716,123074551.00000000,344057.69184300,0
1641510000000,0.00280500,0.00280500,0.00277500,0.00278000,226970063.00000000,1641513599999,632609.95747600,1530,97227540.00000000,270938.74806700,0
1641513600000,0.00278000,0.00279100,0.00274700,0.00276200,265761561.00000000,1641517199999,735700.93807300,2413,120643679.00000000,334045.45367500,0
1641517200000,0.00276200,0.00277100,0.00274700,0.00277000,162017831.00000000,1641520799999,447376.54558100,1389,87424858.00000000,241386.50673300,0
1641520800000,0.00277000,0.00277600,0.00275700,0.00276000,239931612.00000000,1641524399999,662978.71377500,1454,89390401.00000000,247086.59885400,0
1641524400000,0.00275900,0.00276200,0.00265100,0.00266200,881241109.00000000,1641527999999,2380180.35157800,6455,456792522.00000000,1234501.61072500,0
1641528000000,0.00266400,0.00267600,0.00260100,0.00264800,922634487.00000000,1641531599999,2431555.35256400,7228,412075818.00000000,1086395.45529100,0
1641531600000,0.00264900,0.00266700,0.00263100,0.00265400,278383525.00000000,1641535199999,738271.74773600,2578,124557922.00000000,330316.76981500,0
1641535200000,0.00265500,0.00266500,0.00260600,0.00261000,502047840.00000000,1641538799999,1318379.14941500,2832,290841984.00000000,763563.69245700,0
1641538800000,0.00261100,0.00263300,0.00259200,0.00261200,789123024.00000000,1641542399999,2057110.34478000,4757,265261215.00000000,691645.02632300,0
1641542400000,0.00261100,0.00266300,0.00260600,0.00265400,574980644.00000000,1641545999999,1518721.85963400,4705,269996146.00000000,713129.34847400,0
1641546000000,0.00265200,0.00269000,0.00265100,0.00267800,399539670.00000000,1641549599999,1068341.71474800,2977,197813712.00000000,528908.98352800,0
1641549600000,0.00268000,0.00268500,0.00264600,0.00264700,331077813.00000000,1641553199999,883659.74112500,2173,165085618.00000000,440719.79903200,0
1641553200000,0.00264700,0.00266600,0.00264600,0.00265300,338059725.00000000,1641556799999,897621.96068700,1780,185692095.00000000,493115.75116100,0
1641556800000,0.00265400,0.00267700,0.00265200,0.00265500,320586405.00000000,1641560399999,854122.78435100,2100,152695312.00000000,406803.42501000,0
1641560400000,0.00265600,0.00268100,0.00260100,0.00261300,861678673.00000000,1641563999999,2272101.69090000,6246,413862449.00000000,1091656.15082100,0
1641564000000,0.00261400,0.00264300,0.00260600,0.00263400,422797031.00000000,1641567599999,1111767.30437100,3116,202339130.00000000,532038.17648400,0
1641567600000,0.00263400,0.00263600,0.00255600,0.00259100,701867171.00000000,1641571199999,1821474.94823100,5497,353655718.00000000,917599.98261600,0
1641571200000,0.00259100,0.00263000,0.00255700,0.00262700,686034659.00000000,1641574799999,1780893.24802200,5085,360679771.00000000,936190.40767700,0
1641574800000,0.00262700,0.00263000,0.00258200,0.00260000,512162101.00000000,1641578399999,1332470.39450000,2668,232848657.00000000,606384.74051200,0
1641578400000,0.00260000,0.00260700,0.00257200,0.00258300,377576344.00000000,1641581999999,977011.17246300,2250,210070073.00000000,543552.58547800,0
1641582000000,0.00258300,0.00260600,0.00257400,0.00259700,302784954.00000000,1641585599999,784318.19983600,1916,151378666.00000000,392005.57527600,0
1641585600000,0.00259900,0.00261300,0.00258100,0.00260500,250326735.00000000,1641589199999,649855.60198200,1817,125595878.00000000,326040.15099100,0
1641589200000,0.00260400,0.00261000,0.00259400,0.00259900,195001212.00000000,1641592799999,507360.77505600,1155,88544980.00000000,230367.81246800,0
1641592800000,0.00259900,0.00259900,0.00256400,0.00257100,231747963.00000000,1641596399999,597693.23050000,1344,109611465.00000000,282401.73524700,0
1641596400000,0.00257100,0.00258400,0.00255900,0.00257900,337778873.00000000,1641599999999,869077.08215900,1460,194963225.00000000,501514.46263700,0
1641600000000,0.00257900,0.00261800,0.00257600,0.00261400,281431666.00000000,1641603599999,730728.07618400,1935,140823939.00000000,365625.85199000,0
1641603600000,0.00261400,0.00262400,0.00260100,0.00260300,249006408.00000000,1641607199999,650890.91256000,1546,119768069.00000000,313108.37562900,0
1641607200000,0.00260400,0.00260900,0.00258700,0.00260800,160460690.00000000,1641610799999,416625.73942400,1275,96016065.00000000,249280.33891000,0
1641610800000,0.00260700,0.00260700,0.00258600,0.00260200,207319357.00000000,1641614399999,538621.32653400,1284,111577160.00000000,289889.46765700,0
1641614400000,0.00260200,0.00262300,0.00260200,0.00261600,182078656.00000000,1641617999999,475978.67607300,1339,83829022.00000000,219131.62425300,0
1641618000000,0.00261600,0.00262000,0.00260200,0.00261200,188513530.00000000,1641621599999,492352.96864200,1321,92278315.00000000,241035.36583500,0
1641621600000,0.00261300,0.00261400,0.00257700,0.00259800,487735997.00000000,1641625199999,1263769.39158300,2266,266410059.00000000,690025.50620400,0
1641625200000,0.00259800,0.00260400,0.00258600,0.00260000,267898828.00000000,1641628799999,695177.46536300,1879,123691212.00000000,321053.79508200,0
1641628800000,0.00260100,0.00261500,0.00259600,0.00260100,248497964.00000000,1641632399999,647832.20867100,1782,117999011.00000000,307664.50801100,0
1641632400000,0.00260100,0.00260600,0.00259200,0.00260300,173708323.00000000,1641635999999,451719.13519500,1261,82914557.00000000,215646.04644500,0
1641636000000,0.00260300,0.00260500,0.00257900,0.00258300,263543044.00000000,1641639599999,683051.53898600,1520,128086045.00000000,331951.45850300,0
1641639600000,0.00258300,0.00259400,0.00257600,0.00259300,194298605.00000000,1641643199999,502172.37291900,1429,108591689.00000000,280743.26190900,0
1641643200000,0.00259200,0.00259800,0.00258300,0.00258800,275657332.00000000,1641646799999,713893.87087800,1321,145530933.00000000,376909.83997500,0
1641646800000,0.00258800,0.00259400,0.00257500,0.00258500,226130729.00000000,1641650399999,584359.22913300,1453,112959895.00000000,291938.60872300,0
1641650400000,0.00258400,0.00258800,0.00256600,0.00256700,249167190.00000000,1641653999999,642363.57945300,1320,122029143.00000000,314651.20510500,0
1641654000000,0.00256600,0.00256900,0.00250100,0.00250900,918939550.00000000,1641657599999,2319748.21533300,5840,522553539.00000000,1318807.86850500,0
1641657600000,0.00250900,0.00252000,0.00250000,0.00250000,349875107.00000000,1641661199999,876675.11650500,2560,146128187.00000000,366371.03210800,0
1641661200000,0.00250000,0.00250300,0.00240000,0.00241200,1264314081.00000000,1641664799999,3100100.78372900,7865,590161080.00000000,1443488.04463700,0
1641664800000,0.00241100,0.00244600,0.00236800,0.00237900,1160253150.00000000,1641668399999,2792830.80830000,7256,577052421.00000000,1388752.95240100,0
1641668400000,0.00238000,0.00241900,0.00234500,0.00238400,999493354.00000000,1641671999999,2381005.29404800,5140,446674997.00000000,1065641.68488300,0
1641672000000,0.00238400,0.00240700,0.00236500,0.00238400,583037022.00000000,1641675599999,1390777.51198500,3462,296331204.00000000,706888.09707400,0
1641675600000,0.00238500,0.00245700,0.00238200,0.00243600,641410769.00000000,1641679199999,1553763.11997400,3218,316673951.00000000,767374.07020700,0
1641679200000,0.00243600,0.00246400,0.00243400,0.00245000,497694383.00000000,1641682799999,1221007.00378600,2003,273589744.00000000,671231.24770100,0
1641682800000,0.00245000,0.00245100,0.00242200,0.00242300,431567185.00000000,1641686399999,1052177.28785500,1697,229381183.00000000,559208.47671400,0
1641686400000,0.00242300,0.00245300,0.00240700,0.00244300,472478837.00000000,1641689999999,1147978.08808800,2419,229148130.00000000,556669.66214500,0
1641690000000,0.00244400,0.00245200,0.00241600,0.00243100,509014474.00000000,1641693599999,1236021.65762200,1672,264223817.00000000,641708.17791300,0
1641693600000,0.00243000,0.00246600,0.00243000,0.00246200,273087770.00000000,1641697199999,668464.16485700,2002,127915067.00000000,313136.11485500,0
1641697200000,0.00246200,0.00246200,0.00244700,0.00245200,188296619.00000000,1641700799999,461910.22651900,1291,96089781.00000000,235683.50272800,0
1641700800000,0.00245100,0.00247700,0.00245000,0.00247700,273220632.00000000,1641704399999,673520.02278800,1619,138652439.00000000,341749.97742000,0
1641704400000,0.00247600,0.00248400,0.00245600,0.00245800,374496222.00000000,1641707999999,925383.96723200,1566,202652964.00000000,500668.76701200,0
1641708000000,0.00245700,0.00246600,0.00245400,0.00246100,232306305.00000000,1641711599999,571530.77994100,1096,129119039.00000000,317670.79616900,0
1641711600000,0.00246100,0.00246600,0.00245300,0.00245400,153993212.00000000,1641715199999,378908.57172300,977,72843316.00000000,179245.45486500,0
1641715200000,0.00245400,0.00246200,0.00244000,0.00244500,221438139.00000000,1641718799999,542263.79430200,1363,126185323.00000000,309018.22356400,0
1641718800000,0.00244400,0.00245000,0.00242800,0.00243700,273374763.00000000,1641722399999,667554.99251900,1377,149049455.00000000,364021.87248500,0
1641722400000,0.00243800,0.00245500,0.00242700,0.00244700,172839144.00000000,1641725999999,421885.43927900,1274,91719951.00000000,223848.35627800,0
1641726000000,0.00244600,0.00247000,0.00244600,0.00246500,232731167.00000000,1641729599999,573197.66971600,1406,123200968.00000000,303484.21929900,0
1641729600000,0.00246600,0.00247300,0.00239900,0.00244300,614722498.00000000,1641733199999,1502705.79699700,2941,221617317.00000000,542275.86542100,0
1641733200000,0.00244300,0.00245200,0.00241200,0.00241300,347657895.00000000,1641736799999,845347.64145300,1790,168782071.00000000,410331.11454000,0
1641736800000,0.00241200,0.00243300,0.00241200,0.00242200,228233246.00000000,1641740399999,553133.82803000,1477,121162859.00000000,293588.75910800,0
1641740400000,0.00242100,0.00243100,0.00239900,0.00242600,384042516.00000000,1641743999999,927602.14542400,2100,210168274.00000000,507654.43434900,0
1641744000000,0.00242700,0.00248200,0.00242500,0.00248200,333802334.00000000,1641747599999,818467.93145300,2415,164350807.00000000,403008.52945300,0
1641747600000,0.00248200,0.00249700,0.00247400,0.00249100,472484968.00000000,1641751199999,1174519.61340100,3564,266760931.00000000,663118.27335900,0
1641751200000,0.00249200,0.00250700,0.00247500,0.00247700,418709993.00000000,1641754799999,1043411.69583300,2625,234366802.00000000,584168.65578100,0
1641754800000,0.00247700,0.00252000,0.00247500,0.00251700,464808876.00000000,1641758399999,1163165.56094600,2765,258248358.00000000,646416.12248900,0
1641758400000,0.00251700,0.00252200,0.00250400,0.00250500,335358832.00000000,1641761999999,842242.35526100,1515,170395182.00000000,427920.94711300,0
1641762000000,0.00250400,0.00251400,0.00248800,0.00249400,395974375.00000000,1641765599999,990955.27655500,1454,209232582.00000000,523540.69028700,0
1641765600000,0.00249400,0.00250000,0.00248000,0.00248900,198323862.00000000,1641769199999,494232.42080100,1175,113479173.00000000,282744.52419600,0
1641769200000,0.00248800,0.00249600,0.00246200,0.00246900,305454081.00000000,1641772799999,756192.38706600,1486,150723457.00000000,373107.39415300,0
1641772800000,0.00246700,0.00249400,0.00246200,0.00246600,305911301.00000000,1641776399999,757760.69107500,1424,159263438.00000000,394476.64295200,0
1641776400000,0.00246600,0.00249100,0.00246300,0.00247700,234674037.00000000,1641779999999,581485.12884600,1085,118484212.00000000,293500.87070900,0
1641780000000,0.00247700,0.00248700,0.00246500,0.00248000,234653077.00000000,1641783599999,580953.31803200,888,118422801.00000000,293158.75313300,0
1641783600000,0.00248100,0.00249400,0.00246900,0.00249000,251698375.00000000,1641787199999,624552.05307400,1168,146221821.00000000,362808.83094500,0
1641787200000,0.00249000,0.00253800,0.00248700,0.00253600,400565161.00000000,1641790799999,1009681.07985100,3026,231188456.00000000,582617.93768000,0
1641790800000,0.00253600,0.00255800,0.00253500,0.00254600,372836269.00000000,1641794399999,948874.83924800,2679,206825186.00000000,526374.78453600,0
1641794400000,0.00254600,0.00254600,0.00251900,0.00252800,464841425.00000000,1641797999999,1174985.20542300,2665,264529102.00000000,668670.87955200,0
1641798000000,0.00252800,0.00254900,0.00252800,0.00254500,286105221.00000000,1641801599999,725730.18906700,1435,150168627.00000000,380955.99307400,0
1641801600000,0.00254400,0.00255200,0.00251500,0.00251700,305320986.00000000,1641805199999,772747.01408700,1734,150667373.00000000,381280.01766600,0
1641805200000,0.00251800,0.00253700,0.00250900,0.00252000,357421741.00000000,1641808799999,901527.26269500,1856,200187162.00000000,504925.62779100,0
1641808800000,0.00252200,0.00254500,0.00251900,0.00253200,303497676.00000000,1641812399999,768846.58534700,1592,150439405.00000000,381125.33334400,0
1641812400000,0.00253200,0.00273500,0.00250700,0.00259100,3690807120.00000000,1641815999999,9561685.43652700,24009,1873186013.00000000,4852980.54168600,0
1641816000000,0.00259200,0.00264000,0.00253400,0.00253900,1736093428.00000000,1641819599999,4474214.79809300,14213,861221547.00000000,2222788.58243700,0
1641819600000,0.00253800,0.00255700,0.00246400,0.00246900,1267501220.00000000,1641823199999,3180906.50659500,7652,610752052.00000000,1531582.19542300,0
1641823200000,0.00247000,0.00247400,0.00229000,0.00242800,2556641995.00000000,1641826799999,6127643.98048400,19415,1194739316.00000000,2864627.69615000,0
1641826800000,0.00242600,0.00258000,0.00238600,0.00241700,1346399281.00000000,1641830399999,3255484.71153200,8536,693454102.00000000,1678196.53843100,0
1641830400000,0.00241700,0.00249100,0.00239800,0.00248400,1010740576.00000000,1641833999999,2482215.28808300,6173,512026117.00000000,1257085.67946000,0
1641834000000,0.00248400,0.00249300,0.00237200,0.00240900,887346416.00000000,1641837599999,2145646.61710000,6240,420711263.00000000,1017229.28145700,0
1641837600000,0.00240900,0.00243300,0.00240400,0.00242700,388505010.00000000,1641841199999,939919.41356800,2232,186186055.00000000,450423.32545200,0
1641841200000,0.00242600,0.00243600,0.00239800,0.00240500,378636291.00000000,1641844799999,915800.53120700,2051,188529020.00000000,456064.63025100,0
1641844800000,0.00240600,0.00244300,0.00239600,0.00243700,417774027.00000000,1641848399999,1010389.79616600,2391,210605962.00000000,509354.93844800,0
1641848400000,0.00243600,0.00244600,0.00242000,0.00243100,369098979.00000000,1641851999999,897316.88248800,2068,203721344.00000000,495243.77430200,0
1641852000000,0.00243300,0.00244500,0.00241600,0.00242200,339115404.00000000,1641855599999,823704.24625400,1726,186013771.00000000,451650.64408600,0
1641855600000,0.00242100,0.00244400,0.00241900,0.00243500,364495349.00000000,1641859199999,887702.69587200,1457,183831668.00000000,447695.25941600,0
1641859200000,0.00243400,0.00244500,0.00241600,0.00241800,324644957.00000000,1641862799999,788050.85005500,1663,163076974.00000000,395961.39534000,0
1641862800000,0.00241800,0.00244800,0.00241200,0.00243700,427642705.00000000,1641866399999,1038974.33139900,1709,214706650.00000000,521514.00480500,0
1641866400000,0.00243700,0.00246300,0.00243200,0.00245300,288643148.00000000,1641869999999,707418.36064600,2035,140705438.00000000,344803.22704300,0
1641870000000,0.00245400,0.00246800,0.00244800,0.00246500,235588959.00000000,1641873599999,579322.08454100,1557,107006872.00000000,263107.14799900,0
1641873600000,0.00246600,0.00247700,0.00245300,0.00246200,210905711.00000000,1641877199999,519195.49950000,1611,105894168.00000000,260734.77604200,0
1641877200000,0.00246100,0.00247700,0.00245400,0.00246900,265980281.00000000,1641880799999,655428.03428900,1662,108279277.00000000,266770.30389100,0
1641880800000,0.00246900,0.00247400,0.00245400,0.00246600,273865480.00000000,1641884399999,674361.61195600,1787,129997846.00000000,320151.30244100,0
1641884400000,0.00246500,0.00247400,0.00244300,0.00246000,446454504.00000000,1641887999999,1097523.96071100,2093,225051555.00000000,553266.65623000,0
1641888000000,0.00245800,0.00247800,0.00244100,0.00244100,382985071.00000000,1641891599999,942542.55932500,2252,196354463.00000000,483351.16845400,0
1641891600000,0.00244100,0.00245100,0.00243200,0.00244000,328899671.00000000,1641895199999,803383.42169100,1607,155680954.00000000,380425.64625200,0
1641895200000,0.00244000,0.00244600,0.00240700,0.00241000,336276990.00000000,1641898799999,814945.61208400,1973,173883581.00000000,421314.16629300,0
1641898800000,0.00241000,0.00243500,0.00239900,0.00242500,564358889.00000000,1641902399999,1364218.21947500,3093,275295631.00000000,666106.70626000,0
1641902400000,0.00242500,0.00246000,0.00241800,0.00244900,454060312.00000000,1641905999999,1110352.79159900,2812,253129644.00000000,619007.90777700,0
1641906000000,0.00244900,0.00249800,0.00244300,0.00245100,676801446.00000000,1641909599999,1670323.72568900,4120,320829505.00000000,791721.43374900,0
1641909600000,0.00245100,0.00245700,0.00242000,0.00244700,396739980.00000000,1641913199999,968750.21351900,2944,201683942.00000000,492470.76873300,0
1641913200000,0.00244600,0.00247200,0.00243200,0.00245800,430365259.00000000,1641916799999,1054593.08862500,2777,218942824.00000000,536599.17890400,0
1641916800000,0.00245900,0.00252300,0.00245700,0.00251100,626527068.00000000,1641920399999,1561529.42976500,5434,311956467.00000000,777413.07520400,0
1641920400000,0.00251000,0.00252800,0.00247100,0.00249200,552821154.00000000,1641923999999,1381703.86808700,4876,269743397.00000000,674019.36564600,0
1641924000000,0.00249400,0.00250600,0.00247800,0.00249400,415897053.00000000,1641927599999,1036970.65148400,2398,225110952.00000000,561264.65079000,0
1641927600000,0.00249200,0.00250400,0.00248400,0.00249900,303817245.00000000,1641931199999,758173.54360800,1947,158802199.00000000,396389.81288400,0
1641931200000,0.00249800,0.00251000,0.00248500,0.00249900,420626761.00000000,1641934799999,1050943.24250000,1960,221205963.00000000,552752.68504300,0
1641934800000,0.00249700,0.00250300,0.00247200,0.00248500,414438806.00000000,1641938399999,1030168.47873300,1573,209478521.00000000,520610.99683200,0
1641938400000,0.00248500,0.00249300,0.00248100,0.00249100,247225951.00000000,1641941999999,614722.92755400,1165,135095871.00000000,335890.60967800,0
1641942000000,0.00249000,0.00251500,0.00249000,0.00250400,259700872.00000000,1641945599999,649903.21622400,1430,154451946.00000000,386533.14126000,0
1641945600000,0.00250400,0.00251700,0.00249700,0.00250500,280925389.00000000,1641949199999,703392.49470300,1471,140617268.00000000,352150.12435200,0
1641949200000,0.00250500,0.00251900,0.00249800,0.00251400,206476160.00000000,1641952799999,517881.62862000,1212,96172371.00000000,241287.02393400,0
1641952800000,0.00251400,0.00252800,0.00250500,0.00252000,277511171.00000000,1641956399999,698500.57989100,1719,133179698.00000000,335234.75515100,0
1641956400000,0.00252100,0.00259800,0.00252100,0.00256300,783988525.00000000,1641959999999,2007560.24894600,7486,349133886.00000000,893722.04120600,0
1641960000000,0.00256300,0.00257700,0.00254600,0.00255300,234552854.00000000,1641963599999,600581.58496300,1827,121715743.00000000,311650.47598600,0
1641963600000,0.00255300,0.00255400,0.00253700,0.00254400,243862468.00000000,1641967199999,620543.47377700,1736,131932364.00000000,335731.70400700,0
1641967200000,0.00254500,0.00256600,0.00254400,0.00254700,294855747.00000000,1641970799999,752567.56672800,1734,150892886.00000000,385081.46775800,0
1641970800000,0.00254700,0.00254700,0.00252000,0.00254000,290481344.00000000,1641974399999,735601.14204000,2377,141149647.00000000,357456.34017000,0
1641974400000,0.00253800,0.00254800,0.00253400,0.00253700,251805641.00000000,1641977999999,639674.69603100,1572,126854202.00000000,322262.40945900,0
1641978000000,0.00253600,0.00255100,0.00253400,0.00255000,325579849.00000000,1641981599999,828971.23885900,1637,174062029.00000000,443289.45415300,0
1641981600000,0.00255000,0.00256200,0.00254600,0.00255000,305357603.00000000,1641985199999,779713.93749300,1963,151978946.00000000,388074.87583100,0
1641985200000,0.00255100,0.00258400,0.00254300,0.00255600,404176838.00000000,1641988799999,1034706.30678800,3376,237834892.00000000,608680.44050900,0
1641988800000,0.00255600,0.00259000,0.00255100,0.00258800,426382709.00000000,1641992399999,1098165.09390900,2901,223299476.00000000,575154.06969500,0
1641992400000,0.00258600,0.00262400,0.00257800,0.00261500,530559153.00000000,1641995999999,1378503.90318400,5502,236374244.00000000,614290.92112100,0
1641996000000,0.00261600,0.00262000,0.00259300,0.00261100,341137256.00000000,1641999599999,890303.47074200,3198,168559181.00000000,440075.29379100,0
1641999600000,0.00261200,0.00261800,0.00258000,0.00259300,542439531.00000000,1642003199999,1410572.57662700,3634,256439392.00000000,666779.41392300,0
1642003200000,0.00259400,0.00260700,0.00257100,0.00259900,357221434.00000000,1642006799999,926129.58412600,3258,188640002.00000000,489278.28408700,0
1642006800000,0.00259900,0.00262000,0.00259600,0.00261300,414736215.00000000,1642010399999,1081738.40121400,2768,218452832.00000000,569760.12914900,0
1642010400000,0.00261300,0.00261600,0.00259900,0.00260100,320965847.00000000,1642013999999,837887.10713800,1877,166860305.00000000,435606.01977000,0
1642014000000,0.00259900,0.00261700,0.00259300,0.00261000,262586706.00000000,1642017599999,684081.50601800,1757,150659539.00000000,392514.67252900,0
1642017600000,0.00261100,0.00261300,0.00258900,0.00259800,454569759.00000000,1642021199999,1180756.97271500,2008,254235762.00000000,660422.76020000,0
1642021200000,0.00259900,0.00261300,0.00259000,0.00259200,335247985.00000000,1642024799999,871539.45444800,1802,183540849.00000000,477121.71008200,0
1642024800000,0.00259200,0.00260400,0.00259100,0.00259300,270218834.00000000,1642028399999,701777.27279900,1353,143816759.00000000,373520.97723300,0
1642028400000,0.00259200,0.00260300,0.00259000,0.00259900,231056670.00000000,1642031999999,600164.50060900,1337,128660296.00000000,334198.22486400,0
1642032000000,0.00260000,0.00261000,0.00257800,0.00258100,364798751.00000000,1642035599999,948331.64927200,1614,180130958.00000000,468436.21338500,0
1642035600000,0.00258200,0.00260100,0.00256400,0.00257800,284837181.00000000,1642039199999,735418.35134700,1855,133907286.00000000,345814.20180500,0
1642039200000,0.00257800,0.00259000,0.00257300,0.00257700,244403896.00000000,1642042799999,631141.70814700,1447,129542257.00000000,334552.23129600,0
1642042800000,0.00257700,0.00258400,0.00255600,0.00257300,504340468.00000000,1642046399999,1297488.58262900,1922,275173233.00000000,708002.42210400,0
1642046400000,0.00257200,0.00259800,0.00257000,0.00259200,391708583.00000000,1642049999999,1013323.88467600,1729,193665496.00000000,501082.07893500,0
1642050000000,0.00259300,0.00261000,0.00258500,0.00260800,514822015.00000000,1642053599999,1337624.92389500,1909,276857020.00000000,719280.06778700,0
1642053600000,0.00260800,0.00262400,0.00260000,0.00261300,427005694.00000000,1642057199999,1115186.92992200,2542,205464881.00000000,536629.14918800,0
1642057200000,0.00261200,0.00261400,0.00259600,0.00260500,371142580.00000000,1642060799999,966704.04911400,1849,181698174.00000000,473362.71245900,0
1642060800000,0.00260600,0.00263100,0.00260000,0.00261900,518534746.00000000,1642064399999,1354405.27313400,2954,236628354.00000000,618115.68901700,0
1642064400000,0.00261900,0.00262300,0.00260800,0.00261400,530676205.00000000,1642067999999,1388638.80905400,1770,265839366.00000000,695752.62925100,0
1642068000000,0.00261500,0.00262300,0.00259500,0.00260100,541812775.00000000,1642071599999,1416561.53010700,1927,245205227.00000000,641106.43389000,0
1642071600000,0.00260200,0.00260300,0.00256000,0.00257100,578659602.00000000,1642075199999,1494191.66889400,4125,257179657.00000000,664186.20857800,0
1642075200000,0.00257100,0.00260000,0.00256700,0.00258000,449633725.00000000,1642078799999,1163184.61266800,2832,228028846.00000000,589882.95612500,0
1642078800000,0.00258000,0.00258500,0.00256700,0.00258400,418092552.00000000,1642082399999,1076849.97437300,2614,228517965.00000000,588644.47284500,0
1642082400000,0.00258400,0.00260600,0.00257600,0.00259100,553625548.00000000,1642085999999,1434167.83102500,3117,288699151.00000000,747915.52692000,0
1642086000000,0.00259100,0.00259300,0.00250500,0.00253500,707463361.00000000,1642089599999,1798138.55778300,6561,319380347.00000000,811557.32415400,0
1642089600000,0.00253700,0.00256200,0.00251500,0.00252100,899527131.00000000,1642093199999,2279605.30544700,6568,445232974.00000000,1128780.52047800,0
1642093200000,0.00252300,0.00253000,0.00248400,0.00251200,624901032.00000000,1642096799999,1568424.34259500,5641,318200809.00000000,798996.33811300,0
1642096800000,0.00251200,0.00253400,0.00251000,0.00252400,630086570.00000000,1642100399999,1587957.06294800,2117,313878234.00000000,791048.75191000,0
1642100400000,0.00252300,0.00256600,0.00250000,0.00251100,646091682.00000000,1642103999999,1633689.22728100,4534,304206001.00000000,768292.04396800,0
1642104000000,0.00251300,0.00252000,0.00248900,0.00252000,406554603.00000000,1642107599999,1018367.15264900,2037,219890039.00000000,550896.34638300,0
1642107600000,0.00252000,0.00253000,0.00251600,0.00252400,316752256.00000000,1642111199999,799322.29695300,1397,132157822.00000000,333493.19538500,0
1642111200000,0.00252300,0.00252900,0.00250100,0.00251000,332319972.00000000,1642114799999,836446.77217900,1272,158454577.00000000,398909.97664700,0
1642114800000,0.00251000,0.00251900,0.00248100,0.00249100,466468236.00000000,1642118399999,1167159.29696000,2243,236629340.00000000,592226.89825200,0
1642118400000,0.00249200,0.00251000,0.00248500,0.00250900,361818712.00000000,1642121999999,904221.45518400,1950,191338009.00000000,478313.65938600,0
1642122000000,0.00250800,0.00260000,0.00249800,0.00257700,1360816074.00000000,1642125599999,3459890.68155100,19840,730713664.00000000,1857912.61526400,0
1642125600000,0.00257700,0.00261400,0.00252000,0.00256800,1201728620.00000000,1642129199999,3081417.21799100,11950,566881515.00000000,1455965.57782700,0
1642129200000,0.00256800,0.00258500,0.00254100,0.00257200,553734259.00000000,1642132799999,1417379.23777000,1948,271741160.00000000,695558.39145600,0
1642132800000,0.00257200,0.00258500,0.00247200,0.00250800,1248560034.00000000,1642136399999,3146369.91105900,9964,571377284.00000000,1440275.44567100,0
1642136400000,0.00250800,0.00254900,0.00250300,0.00254300,470426265.00000000,1642139999999,1186380.56769100,2862,292575755.00000000,737991.87572900,0
1642140000000,0.00254200,0.00255200,0.00253400,0.00254800,515478378.00000000,1642143599999,1311192.11453900,2681,216533719.00000000,550798.55954600,0
1642143600000,0.00254700,0.00255700,0.00250800,0.00252500,546593740.00000000,1642147199999,1385987.40989600,3478,246741605.00000000,625478.49281100,0
1642147200000,0.00252400,0.00252700,0.00249100,0.00251000,514000373.00000000,1642150799999,1287847.68921300,3946,237025185.00000000,593943.14933000,0
1642150800000,0.00250900,0.00252300,0.00249000,0.00250900,504331087.00000000,1642154399999,1265632.89742800,3000,190438858.00000000,478114.13510400,0
1642154400000,0.00251000,0.00251500,0.00245100,0.00245700,721049824.00000000,1642157999999,1792488.49357900,5450,303399724.00000000,754812.53206400,0
1642158000000,0.00245900,0.00248200,0.00244500,0.00247900,434724083.00000000,1642161599999,1068337.39890000,2910,217726030.00000000,534950.77346700,0
1642161600000,0.00247900,0.00248400,0.00246300,0.00247200,326945138.00000000,1642165199999,809417.07875100,2418,160002068.00000000,396079.77613700,0
1642165200000,0.00247300,0.00249100,0.00247000,0.00248200,209280970.00000000,1642168799999,519436.76416200,1940,110323250.00000000,273870.04099700,0
1642168800000,0.00248200,0.00252000,0.00247900,0.00251600,478175074.00000000,1642172399999,1192879.59549200,2753,248307883.00000000,619456.45309500,0
1642172400000,0.00251600,0.00253400,0.00250700,0.00252600,439324169.00000000,1642175999999,1108368.31016700,3076,217837249.00000000,549532.80331400,0
1642176000000,0.00252600,0.00253400,0.00250100,0.00251700,412190682.00000000,1642179599999,1036911.32157700,2326,209624788.00000000,527332.77383300,0
1642179600000,0.00251600,0.00252100,0.00250000,0.00250600,297506493.00000000,1642183199999,746885.99635900,1801,140409354.00000000,352565.44528900,0
1642183200000,0.00250400,0.00251300,0.00250200,0.00251200,200728983.00000000,1642186799999,503557.59733500,1197,115525173.00000000,289822.90070700,0
1642186800000,0.00251300,0.00254300,0.00251000,0.00253700,304708797.00000000,1642190399999,769385.87408800,1981,148949586.00000000,376066.12112000,0
1642190400000,0.00253600,0.00253900,0.00251900,0.00253200,359598642.00000000,1642193999999,908834.64256600,1344,148836140.00000000,376228.42634200,0
1642194000000,0.00253000,0.00254000,0.00252800,0.00253700,286510276.00000000,1642197599999,725563.00332700,1247,138743875.00000000,351323.88960000,0
1642197600000,0.00253400,0.00253800,0.00252500,0.00253400,334707696.00000000,1642201199999,847594.00056300,1187,164124633.00000000,415637.90570000,0
1642201200000,0.00253300,0.00253800,0.00250900,0.00252000,519659385.00000000,1642204799999,1312664.07189200,1143,240561877.00000000,607759.00424300,0
1642204800000,0.00251800,0.00252800,0.00251000,0.00252000,405283934.00000000,1642208399999,1020309.24900100,839,206330023.00000000,519505.04294800,0
1642208400000,0.00252100,0.00252600,0.00251000,0.00251500,353947825.00000000,1642211999999,890737.05281800,919,166041846.00000000,417900.88925100,0
1642212000000,0.00251600,0.00252200,0.00251000,0.00252100,257950667.00000000,1642215599999,648974.93674000,964,143379752.00000000,360752.77049800,0
1642215600000,0.00252100,0.00252300,0.00251300,0.00251700,306783632.00000000,1642219199999,772607.78128700,1139,153604349.00000000,386833.39372000,0
1642219200000,0.00251900,0.00252000,0.00249500,0.00251400,505976719.00000000,1642222799999,1271737.18841800,1300,240947010.00000000,605845.56895500,0
1642222800000,0.00251400,0.00251400,0.00250200,0.00250200,313499797.00000000,1642226399999,786729.59858600,1043,148686381.00000000,373153.98216500,0
1642226400000,0.00250200,0.00251400,0.00249900,0.00251300,296605635.00000000,1642229999999,743648.50707500,991,153343901.00000000,384429.00622500,0
1642230000000,0.00251300,0.00252000,0.00251200,0.00251700,380502529.00000000,1642233599999,956806.10735300,951,225370899.00000000,566730.29259200,0
1642233600000,0.00251700,0.00254700,0.00251700,0.00252600,450382453.00000000,1642237199999,1139779.73071700,1839,222321313.00000000,562558.06420400,0
1642237200000,0.00252600,0.00252900,0.00251500,0.00252000,348897731.00000000,1642240799999,879408.21887400,1228,190732825.00000000,480774.63894000,0
1642240800000,0.00252000,0.00253000,0.00251600,0.00252600,278350794.00000000,1642244399999,703077.87410100,1006,141199290.00000000,356656.88752400,0
1642244400000,0.00252500,0.00253600,0.00251700,0.00252200,309665463.00000000,1642247999999,781843.22082700,1211,155297144.00000000,392252.14558300,0
1642248000000,0.00252200,0.00253200,0.00249100,0.00250500,346936580.00000000,1642251599999,873064.24954100,2149,147823307.00000000,372052.74767800,0
1642251600000,0.00250300,0.00251400,0.00249300,0.00250100,320123877.00000000,1642255199999,801542.88036900,1444,167466751.00000000,419337.73656400,0
1642255200000,0.00250000,0.00252600,0.00250000,0.00252600,526381233.00000000,1642258799999,1321574.59659500,1598,283704390.00000000,712530.63963900,0
1642258800000,0.00252600,0.00254100,0.00252400,0.00254000,239776939.00000000,1642262399999,606632.10301100,1617,121979749.00000000,308654.26557100,0
1642262400000,0.00254100,0.00256100,0.00253500,0.00253800,449860343.00000000,1642265999999,1146009.60043400,2915,237872084.00000000,605913.43821000,0
1642266000000,0.00253700,0.00254300,0.00253400,0.00254000,213485838.00000000,1642269599999,541821.75913800,1235,107535553.00000000,272966.09579000,0
1642269600000,0.00254100,0.00255400,0.00253500,0.00255200,358785846.00000000,1642273199999,912258.55909000,1411,167762533.00000000,426522.58144400,0
1642273200000,0.00255200,0.00255900,0.00254200,0.00254900,336733070.00000000,1642276799999,858515.56004900,1374,180868052.00000000,461113.40184600,0
1642276800000,0.00254900,0.00256000,0.00254400,0.00255000,385910091.00000000,1642280399999,986022.49159800,1442,188073528.00000000,480639.48299000,0
1642280400000,0.00254700,0.00255100,0.00252900,0.00253600,337349095.00000000,1642283999999,856654.91366500,1240,162217448.00000000,411970.30510600,0
1642284000000,0.00253600,0.00253800,0.00252700,0.00253000,179592550.00000000,1642287599999,454736.32056100,894,96115709.00000000,243398.95183000,0
1642287600000,0.00253100,0.00253300,0.00252400,0.00252900,292957284.00000000,1642291199999,740714.13603500,797,139968874.00000000,353931.83568200,0
1642291200000,0.00252900,0.00254000,0.00252200,0.00253400,243903071.00000000,1642294799999,617207.06089800,841,136284910.00000000,344934.23497200,0
1642294800000,0.00253400,0.00255600,0.00253300,0.00255300,284921070.00000000,1642298399999,724676.08780900,980,150666850.00000000,383262.30812500,0
1642298400000,0.00255100,0.00259400,0.00255000,0.00257700,528974422.00000000,1642301999999,1357558.35247900,3627,276603893.00000000,709975.85842200,0
1642302000000,0.00257800,0.00258300,0.00254200,0.00256800,428956790.00000000,1642305599999,1101190.35680200,2128,215739172.00000000,553769.59227400,0
1642305600000,0.00256800,0.00257100,0.00256000,0.00256600,374559609.00000000,1642309199999,961221.22656700,969,192359901.00000000,493647.28874400,0
1642309200000,0.00256300,0.00257300,0.00255300,0.00255400,282020938.00000000,1642312799999,723222.12662600,930,134383714.00000000,344686.55592800,0
1642312800000,0.00255600,0.00260800,0.00255200,0.00260600,468801828.00000000,1642316399999,1210822.50572000,2520,241775600.00000000,624747.94576200,0
1642316400000,0.00260700,0.00263600,0.00259500,0.00260000,627885634.00000000,1642319999999,1643743.27519600,5563,293416901.00000000,768309.86664900,0
1642320000000,0.00260100,0.00262600,0.00259800,0.00261200,425527705.00000000,1642323599999,1111501.12491400,1998,223700450.00000000,584372.81294700,0
1642323600000,0.00261100,0.00262600,0.00260300,0.00261300,389257293.00000000,1642327199999,1017046.03970000,1773,210200927.00000000,549168.11298100,0
1642327200000,0.00261400,0.00263500,0.00259300,0.00259900,456440917.00000000,1642330799999,1195259.48491400,2038,212295266.00000000,555832.04105100,0
1642330800000,0.00259800,0.00259800,0.00258500,0.00258900,309673053.00000000,1642334399999,802516.74197700,1444,153652202.00000000,398194.45246700,0
1642334400000,0.00258800,0.00260200,0.00258600,0.00259100,363369231.00000000,1642337999999,942886.73749600,1382,201703169.00000000,523377.79049500,0
1642338000000,0.00258900,0.00260000,0.00256200,0.00259100,363802139.00000000,1642341599999,939634.93457400,2129,191315280.00000000,494277.17771000,0
1642341600000,0.00259000,0.00261400,0.00257600,0.00259900,362213014.00000000,1642345199999,940366.05680400,1942,185813264.00000000,482360.27177400,0
1642345200000,0.00259900,0.00260100,0.00258100,0.00259000,410727925.00000000,1642348799999,1064890.78543500,1727,191014612.00000000,495318.12374400,0
1642348800000,0.00259000,0.00261000,0.00258300,0.00259600,378630435.00000000,1642352399999,982996.68986200,1879,170320844.00000000,442207.15309800,0
1642352400000,0.00259600,0.00260100,0.00258800,0.00259100,323876138.00000000,1642355999999,840034.55396000,1393,169502145.00000000,439671.88742100,0
1642356000000,0.00259200,0.00261200,0.00258900,0.00260500,317898745.00000000,1642359599999,825909.83461100,1458,166701595.00000000,433091.85331400,0
1642359600000,0.00260500,0.00261400,0.00260100,0.00260600,789485362.00000000,1642363199999,2059075.67752300,1875,398047517.00000000,1038282.04921000,0
1642363200000,0.00260500,0.00261000,0.00259600,0.00259800,348508279.00000000,1642366799999,906872.90511800,1419,171356148.00000000,445944.85487600,0
1642366800000,0.00259900,0.00262300,0.00259600,0.00262000,408104548.00000000,1642370399999,1063468.59172300,1482,211205820.00000000,550406.64707900,0
1642370400000,0.00262100,0.00264500,0.00260800,0.00263400,663072404.00000000,1642373999999,1742418.69023300,3444,336888027.00000000,885782.03484500,0
1642374000000,0.00263300,0.00268000,0.00262600,0.00267700,581886086.00000000,1642377599999,1546633.55306500,4845,284218805.00000000,755502.00017400,0
1642377600000,0.00267700,0.00273500,0.00266000,0.00272900,1194524553.00000000,1642381199999,3228360.85343000,9542,636988367.00000000,1722250.29489400,0
1642381200000,0.00272600,0.00279500,0.00272000,0.00274200,1160818399.00000000,1642384799999,3204341.64627100,8726,632077830.00000000,1745341.70167500,0
1642384800000,0.00274300,0.00274600,0.00271000,0.00274100,493655134.00000000,1642388399999,1349631.01418600,3939,245421666.00000000,671271.50009200,0
1642388400000,0.00274000,0.00278000,0.00272400,0.00277700,853125107.00000000,1642391999999,2344673.20103600,5198,452050479.00000000,1242964.06008500,0
